Product Name,Product Decription,Price,Rating
"POCO C65 (Pastel Green, 256 GB)",8 GB RAM | 256 GB ROM | Expandable Upto 1 TB17.12 cm (6.74 inch) HD+ Display50MP + AI Lens + 2MP | 8MP Front Camera5000 mAh BatteryHelio G85 Processor1 Year Manufacturer Warranty for Phone and 6 Months Warranty for in the Box Accessories,"₹9,499",4.2
"REDMI 12 (Pastel Blue, 128 GB)",6 GB RAM | 128 GB ROM | Expandable Upto 1 TB17.25 cm (6.79 inch) Full HD+ Display50MP + 8MP + 2MP | 8MP Front Camera5000 mAh BatteryHelio G88 Processor1 Year Manufacturer Warranty for Phone and 6 Months Warranty for in the Box Accessories,"₹9,999",4.2
"POCO M6 5G (Orion Blue, 128 GB)",6 GB RAM | 128 GB ROM | Expandable Upto 1 TB17.12 cm (6.74 inch) HD+ Display50MP Rear Camera | 5MP Front Camera5000 mAh BatteryMediatek Dimensity 6100+ Processor1 Year Manufacturer Warranty for Phone and 6 Months Warranty for In the Box Accessories,"₹9,999",4.3
"realme NARZO N63 (Leather Blue, 64 GB)",4 GB RAM | 64 GB ROM17.12 cm (6.74 inch) Display50MP Rear Camera5000 mAh Battery1 year manufacture warranty,"₹7,827",4.4
"realme C61 (Safari Green, 128 GB)",6 GB RAM | 128 GB ROM | Expandable Upto 2 TB17.13 cm (6.745 inch) HD+ Display32MP Rear Camera | 5MP Front Camera5000 mAh BatteryT612 Processor1 Year Manufacturer Warranty for Device and 6 Months Manufacturer Warranty for Inbox Accessories,"₹8,999",4.4
"REDMI 12 (Jade Black, 128 GB)",6 GB RAM | 128 GB ROM | Expandable Upto 1 TB17.25 cm (6.79 inch) Full HD+ Display50MP + 8MP + 2MP | 8MP Front Camera5000 mAh BatteryHelio G88 Processor1 Year Manufacturer Warranty for Phone and 6 Months Warranty for in the Box Accessories,"₹9,999",4.2
"SAMSUNG Galaxy M14 4G (Arctic Blue, 64 GB)",4 GB RAM | 64 GB ROM16.76 cm (6.6 inch) Display50MP Rear Camera6000 mAh Battery1 year for handset and 6 month for accessories,"₹8,740",4
"POCO C65 (Pastel Blue, 256 GB)",8 GB RAM | 256 GB ROM | Expandable Upto 1 TB17.12 cm (6.74 inch) HD+ Display50MP + AI Lens + 2MP | 8MP Front Camera5000 mAh BatteryHelio G85 Processor1 Year Manufacturer Warranty for Phone and 6 Months Warranty for in the Box Accessories,"₹9,499",4.2
"POCO M6 5G (Polaris Green, 128 GB)",4 GB RAM | 128 GB ROM | Expandable Upto 1 TB17.12 cm (6.74 inch) HD+ Display50MP Rear Camera | 5MP Front Camera5000 mAh BatteryMediatek Dimensity 6100+ Processor1 Year Manufacturer Warranty for Phone and 6 Months Warranty for In the Box Accessories,"₹9,249",4.1
"REDMI 12 (Moonstone Silver, 128 GB)",4 GB RAM | 128 GB ROM | Expandable Upto 1 TB17.25 cm (6.79 inch) Full HD+ Display50MP + 8MP + 2MP | 8MP Front Camera5000 mAh BatteryHelio G88 Processor1 Year Manufacturer Warranty for Phone and 6 Months Warranty for in the Box Accessories,"₹9,499",4.3
"POCO M6 5G (Galactic Black, 128 GB)",6 GB RAM | 128 GB ROM | Expandable Upto 1 TB17.12 cm (6.74 inch) HD+ Display50MP Rear Camera | 5MP Front Camera5000 mAh BatteryMediatek Dimensity 6100+ Processor1 Year Manufacturer Warranty for Phone and 6 Months Warranty for In the Box Accessories,"₹9,999",4.3
"POCO C65 (Matte Black, 256 GB)",8 GB RAM | 256 GB ROM | Expandable Upto 1 TB17.12 cm (6.74 inch) HD+ Display50MP + AI Lens + 2MP | 8MP Front Camera5000 mAh BatteryHelio G85 Processor1 Year Manufacturer Warranty for Phone and 6 Months Warranty for in the Box Accessories,"₹9,499",4.2
"realme Narzo N63 4G (Twilight Purple, 128 GB)",4 GB RAM | 128 GB ROM17.12 cm (6.74 inch) Display50MP Rear Camera5000 mAh BatteryDomestic Warranty  1 year for handset and 6 months for accessories.,"₹8,177",4
"SAMSUNG Galaxy M14 4G (Sapphire Blue, 64 GB)",4 GB RAM | 64 GB ROM16.76 cm (6.6 inch) Display50MP Rear Camera6000 mAh Battery1 year for handset and 6 month for accessories,"₹8,332",4
"POCO M6 5G (Polaris Green, 128 GB)",6 GB RAM | 128 GB ROM | Expandable Upto 1 TB17.12 cm (6.74 inch) HD+ Display50MP Rear Camera | 5MP Front Camera5000 mAh BatteryMediatek Dimensity 6100+ Processor1 Year Manufacturer Warranty for Phone and 6 Months Warranty for In the Box Accessories,"₹9,999",4.3
"realme Narzo N63 4G (Twilight Purple, 64 GB)",4 GB RAM | 64 GB ROM17.12 cm (6.74 inch) Display50MP Rear Camera5000 mAh BatteryDomestic Warranty  1 year for handset and 6 months for accessories.,"₹7,850",4
"REDMI 12 (Jade Black, 128 GB)",4 GB RAM | 128 GB ROM | Expandable Upto 1 TB17.25 cm (6.79 inch) Full HD+ Display50MP + 8MP + 2MP | 8MP Front Camera5000 mAh BatteryHelio G88 Processor1 Year Manufacturer Warranty for Phone and 6 Months Warranty for in the Box Accessories,"₹9,499",4.3
"realme Narzo N63 4G (Leather Blue, 128 GB)",4 GB RAM | 128 GB ROM17.13 cm (6.745 inch) Display50MP Rear Camera5000 mAh BatteryDomestic Warranty  1 year for handset and 6 months for accessories.,"₹8,488",4
"realme C51 (Carbon Black, 128 GB)",4 GB RAM | 128 GB ROM | Expandable Upto 2 TB17.12 cm (6.74 inch) HD Display50MP + 0.08MP | 5MP Front Camera5000 mAh BatteryT612 Processor1 Year Manufacturer Warranty for Phone and 6 Months Warranty for In the Box Accessories,"₹9,499",4.3
"realme C51 (Mint Green, 128 GB)",4 GB RAM | 128 GB ROM | Expandable Upto 2 TB17.12 cm (6.74 inch) HD Display50MP + 0.08MP | 5MP Front Camera5000 mAh BatteryT612 Processor1 Year Manufacturer Warranty for Phone and 6 Months Warranty for In the Box Accessories,"₹9,499",4.3
"OPPO A38 (Glowing Gold, 128 GB)",4 GB RAM | 128 GB ROM | Expandable Upto 1 TB16.66 cm (6.56 inch) HD Display50MP + 2MP | 5MP Front Camera5000 mAh BatteryHelio G70 (MT6769) Processor1 Year Manufacturer Warranty for Phone and 6 Months Warranty for In the Box Accessories,"₹9,999",4.3
"OPPO A38 (Glowing Black, 128 GB)",4 GB RAM | 128 GB ROM | Expandable Upto 1 TB16.66 cm (6.56 inch) HD Display50MP + 2MP | 5MP Front Camera5000 mAh BatteryHelio G70 (MT6769) Processor1 Year Manufacturer Warranty for Phone and 6 Months Warranty for In the Box Accessories,"₹9,999",4.3
"REDMI 12 (Pastel Blue, 128 GB)",4 GB RAM | 128 GB ROM | Expandable Upto 1 TB17.25 cm (6.79 inch) Full HD+ Display50MP + 8MP + 2MP | 8MP Front Camera5000 mAh BatteryHelio G88 Processor1 Year Manufacturer Warranty for Phone and 6 Months Warranty for in the Box Accessories,"₹9,499",4.3
"REDMI A3 (Midnight Black, 128 GB)",4 GB RAM | 128 GB ROM | Expandable Upto 1 TB17.04 cm (6.71 inch) HD+ Display8MP Rear Camera | 5MP Front Camera5000 mAh BatteryMediatek Helio G36 Processor1 Year Manufacturer Warranty for Phone and 6 Months Warranty for In the Box Accessories,"₹7,999",4.1
"POCO M6 5G (Galactic Black, 128 GB)",4 GB RAM | 128 GB ROM | Expandable Upto 1 TB17.12 cm (6.74 inch) HD+ Display50MP Rear Camera | 5MP Front Camera5000 mAh BatteryMediatek Dimensity 6100+ Processor1 Year Manufacturer Warranty for Phone and 6 Months Warranty for In the Box Accessories,"₹9,249",4.1
"realme C53 (Champion Black, 128 GB)",4 GB RAM | 128 GB ROM | Expandable Upto 2 TB17.12 cm (6.74 inch) HD Display108MP + 2MP | 8MP Front Camera5000 mAh BatteryT612 Processor1 Year Manufacturer Warranty for Phone and 6 Months Warranty for In the Box Accessories,"₹9,999",4.1
"OPPO A18 (Glowing Black, 128 GB)",4 GB RAM | 128 GB ROM16.66 cm (6.56 inch) HD+ Display8MP + 2MP | 5MP Front Camera5000 mAh BatteryHelio G85 Processor1 Year Manufacturer Warranty for Phone and 6 Months Warranty for In the Box Accessories,"₹9,499",4.3
"vivo Y18 (Space Black, 128 GB)",4 GB RAM | 128 GB ROM | Expandable Upto 1 TB16.66 cm (6.56 inch) Display50MP + 0.08MP | 8MP Front Camera5000 mAh BatteryHelios G85 Processor1 Year Manufacturer Warranty for Device and 6 Months Manufacturer Warranty for Inbox Accessories,"₹13,999",4
"REDMI 12 (Pastel Blue, 128 GB)",6 GB RAM | 128 GB ROM | Expandable Upto 1 TB17.25 cm (6.79 inch) Full HD+ Display50MP + 8MP + 2MP | 8MP Front Camera5000 mAh BatteryHelio G88 Processor1 Year Manufacturer Warranty for Phone and 6 Months Warranty for in the Box Accessories,"₹9,999",4.2
"vivo Y18 (Space Black, 64 GB)",4 GB RAM | 64 GB ROM | Expandable Upto 1 TB16.66 cm (6.56 inch) Display50MP + 0.08MP | 8MP Front Camera5000 mAh BatteryHelios G85 Processor1 Year Manufacturer Warranty for Device and 6 Months Manufacturer Warranty for Inbox Accessories,"₹12,999",4
"REDMI 12 (Moonstone Silver, 128 GB)",6 GB RAM | 128 GB ROM | Expandable Upto 1 TB17.25 cm (6.79 inch) Full HD+ Display50MP + 8MP + 2MP | 8MP Front Camera5000 mAh BatteryHelio G88 Processor1 Year Manufacturer Warranty for Phone and 6 Months Warranty for in the Box Accessories,"₹9,999",4.2
"REDMI A3 (Midnight Black, 128 GB)",6 GB RAM | 128 GB ROM | Expandable Upto 1 TB17.04 cm (6.71 inch) HD+ Display8MP Rear Camera | 5MP Front Camera5000 mAh BatteryMediatek Helio G36 Processor1 Year Manufacturer Warranty for Phone and 6 Months Warranty for In the Box Accessories,"₹8,607",4
"OPPO A18 (Glowing Black, 64 GB)",4 GB RAM | 64 GB ROM16.66 cm (6.56 inch) HD+ Display8MP + 2MP | 5MP Front Camera5000 mAh BatteryHelio G85 Processor1 Year Manufacturer Warranty for Phone and 6 Months Warranty for In the Box Accessories,"₹8,999",4.3
"OPPO A18 (Glowing Blue, 128 GB)",4 GB RAM | 128 GB ROM16.66 cm (6.56 inch) HD+ Display8MP + 2MP | 5MP Front Camera5000 mAh BatteryHelio G85 Processor1 Year Manufacturer Warranty for Phone and 6 Months Warranty for In the Box Accessories,"₹9,499",4.3
"REDMI 12C (Matte Black, 64 GB)",4 GB RAM | 64 GB ROM | Expandable Upto 1 TB17.04 cm (6.71 inch) HD+ Display50MP Rear Camera | 5MP Front Camera5000 mAh BatteryHelio G85 Processor1 Year Manufacturer Warranty for Phone and 6 Months Warranty for In the Box Accessories,"₹7,999",4.2
"realme Narzo N53 (Feather Gold, 128 GB)",6 GB RAM | 128 GB ROM17.12 cm (6.74 inch) Display50MP Rear Camera5000 mAh BatteryDomestic 1 Year on Handset and 6 Months on Accessories,"₹9,972",4.2
"realme Narzo N63 4G (Twilight Purple, 128 GB)",4 GB RAM | 128 GB ROM17.12 cm (6.74 inch) Display50MP Rear Camera5000 mAh BatteryDomestic Warranty  1 year for handset and 6 months for accessories.,"₹8,178",4
"realme Narzo N53 (Feather Gold, 64 GB)",4 GB RAM | 64 GB ROM17.12 cm (6.74 inch) Display50MP Rear Camera5000 mAh BatteryDomestic 1 Year on Handset and 6 Months on Accessories,"₹8,499",4.2
"realme C51 (Mint Green, 128 GB)",4 GB RAM | 128 GB ROM | Expandable Upto 2 TB17.12 cm (6.74 inch) HD Display50MP + 0.08MP | 5MP Front Camera5000 mAh BatteryT612 Processor1 Year Manufacturer Warranty for Phone and 6 Months Warranty for In the Box Accessories,"₹9,499",4.3
"REDMI A3 (Olive Green, 128 GB)",6 GB RAM | 128 GB ROM | Expandable Upto 1 TB17.04 cm (6.71 inch) HD+ Display8MP Rear Camera | 5MP Front Camera5000 mAh BatteryMediatek Helio G36 Processor1 Year Manufacturer Warranty for Phone and 6 Months Warranty for In the Box Accessories,"₹8,690",4
"SAMSUNG Galaxy F13 (Sunrise Copper, 64 GB)",4 GB RAM | 64 GB ROM | Expandable Upto 1 TB16.76 cm (6.6 inch) Full HD+ Display50MP + 5MP + 2MP | 8MP Front Camera6000 mAh Lithium Ion BatteryExynos 850 Processor1 Year Warranty Provided By the Manufacturer from Date of Purchase,"₹9,999",4.3
"itel P55 5G |50MP Dual Rear Camera|5000mAh Battery|Expandable Upto 1 TB (Galaxy Blue, 64 GB)",4 GB RAM | 64 GB ROM | Expandable Upto 1 TB16.76 cm (6.6 inch) HD+ Display50MP Rear Camera5000 mAh BatteryMediaTek Dimensity 6080 Processor Processor2 Year Manufacturer Warranty for Phone and 6 Months Warranty for In the Box Accessories,"₹9,199",4.2
"Tecno Spark 10 (Magic Skin Orange, 128 GB)",8 GB RAM | 128 GB ROM | Expandable Upto 1 TB16.76 cm (6.6 inch) HD Display50MP Rear Camera | 8MP Front Camera5000 mAh BatteryMediatek Helio G37 Processor1 Year Manufacturer Warranty for Device and 6 Months Manufacturer Warranty for In-Box Accessories,"₹9,999",4.1
"REDMI 13C (Starshine Green, 128 GB)",4 GB RAM | 128 GB ROM | Expandable Upto 1 TB17.12 cm (6.74 inch) HD+ Display50MP Rear Camera | 8MP Front Camera5000 mAh BatteryHelio G85 Processor1 Year Manufacturer Warranty for Phone and 6 Months Warranty for In the Box Accessories,"₹8,500",4.2
"REDMI 12 (Jade Black, 128 GB)",6 GB RAM | 128 GB ROM | Expandable Upto 1 TB17.25 cm (6.79 inch) Full HD+ Display50MP + 8MP + 2MP | 8MP Front Camera5000 mAh BatteryHelio G88 Processor1 Year Manufacturer Warranty for Phone and 6 Months Warranty for in the Box Accessories,"₹9,999",4.2
"REDMI A3 (Lake Blue, 128 GB)",6 GB RAM | 128 GB ROM | Expandable Upto 1 TB17.04 cm (6.71 inch) HD+ Display8MP Rear Camera | 5MP Front Camera5000 mAh BatteryMediatek Helio G36 Processor1 Year Manufacturer Warranty for Phone and 6 Months Warranty for In the Box Accessories,"₹8,720",4
"OPPO A18 (Glowing Blue, 64 GB)",4 GB RAM | 64 GB ROM16.66 cm (6.56 inch) HD+ Display8MP + 2MP | 5MP Front Camera5000 mAh BatteryHelio G85 Processor1 Year Manufacturer Warranty for Phone and 6 Months Warranty for In the Box Accessories,"₹8,999",4.3
"REDMI 13C (Starfrost White, 128 GB)",4 GB RAM | 128 GB ROM | Expandable Upto 1 TB17.12 cm (6.74 inch) HD+ Display50MP Rear Camera | 8MP Front Camera5000 mAh BatteryHelio G85 Processor1 Year Manufacturer Warranty for Phone and 6 Months Warranty for In the Box Accessories,"₹9,298",4.2
"REDMI A3 (Lake Blue, 128 GB)",6 GB RAM | 128 GB ROM | Expandable Upto 1 TB17.04 cm (6.71 inch) HD+ Display8MP Rear Camera | 5MP Front Camera5000 mAh BatteryMediatek Helio G36 Processor1 Year Manufacturer Warranty for Phone and 6 Months Warranty for In the Box Accessories,"₹8,723",4
"REDMI A3 (Lake Blue, 64 GB)",3 GB RAM | 64 GB ROM | Expandable Upto 1 TB17.04 cm (6.71 inch) HD+ Display8MP Rear Camera | 5MP Front Camera5000 mAh BatteryMediatek Helio G36 Processor1 Year Manufacturer Warranty for Phone and 6 Months Warranty for In the Box Accessories,"₹6,999",4.1
"realme P1 5G (Phoenix Red, 128 GB)",6 GB RAM | 128 GB ROM | Expandable Upto 2 TB16.94 cm (6.67 inch) Full HD+ Display50MP + 2MP | 16MP Front Camera5000 mAh BatteryDimensity 7050 Processor1 Year Manufacturer Warranty for Device and 6 Months Manufacturer Warranty for Inbox Accessories,"₹15,999",4.3
"Infinix HOT 30i (Diamond White, 128 GB)",8 GB RAM | 128 GB ROM | Expandable Upto 1 TB16.76 cm (6.6 inch) HD+ Display50MP + AI Lens | 5MP Front Camera5000 mAh BatteryG37 Processor1 Year on Handset and 6 Months on Accessories,"₹9,499",4.3
"Infinix HOT 30i (Mirror Black, 128 GB)",8 GB RAM | 128 GB ROM | Expandable Upto 1 TB16.76 cm (6.6 inch) HD+ Display50MP + AI Lens | 5MP Front Camera5000 mAh BatteryG37 Processor1 Year on Handset and 6 Months on Accessories,"₹9,499",4.3
"Infinix HOT 30i (Marigold, 128 GB)",8 GB RAM | 128 GB ROM | Expandable Upto 1 TB16.76 cm (6.6 inch) HD+ Display50MP + AI Lens | 5MP Front Camera5000 mAh BatteryG37 Processor1 Year on Handset and 6 Months on Accessories,"₹9,499",4.3
"vivo Y18 (Gem Green, 128 GB)",4 GB RAM | 128 GB ROM | Expandable Upto 1 TB16.66 cm (6.56 inch) Display50MP + 0.08MP | 8MP Front Camera5000 mAh BatteryHelios G85 Processor1 Year Manufacturer Warranty for Device and 6 Months Manufacturer Warranty for Inbox Accessories,"₹13,999",4
"SAMSUNG Galaxy A04 (Black, 64 GB)",4 GB RAM | 64 GB ROM | Expandable Upto 1 TB16.51 cm (6.5 inch) HD+ Display50MP + 2MP | 5MP Front Camera5000 mAh Lithium Ion BatteryMediatek Helio P35 Processor1 Year Manufacturer Warranty for Device and 6 Months Manufacturer Warranty for In-Box Accessories,"₹8,999",3.9
"SAMSUNG Galaxy A05 (Light Green, 64 GB)",4 GB RAM | 64 GB ROM | Expandable Upto 1 TB17.12 cm (6.74 inch) HD+ Display50MP + 2MP | 8MP Front Camera5000 mAh BatteryHelio G85 Processor1 Year Manufacturer Warranty for Device and 6 Months Manufacturer Warranty for Inbox Accessories,"₹9,999",4.3
"SAMSUNG Galaxy M04 (Light Green, 64 GB)",4 GB RAM | 64 GB ROM16.51 cm (6.5 inch) HD+ Display13MP + 2MP | 5MP Front Camera5000 mAh BatteryMediaTek Helio P35 Processor1 year manufacturer warranty for device and 6 months manufacturer warranty for in-box accessories including batteries from the date of purchase,"₹8,999",4.1
"REDMI A3 (Olive Green, 128 GB)",6 GB RAM | 128 GB ROM | Expandable Upto 1 TB17.04 cm (6.71 inch) HD+ Display8MP Rear Camera | 5MP Front Camera5000 mAh BatteryMediatek Helio G36 Processor1 Year Manufacturer Warranty for Phone and 6 Months Warranty for In the Box Accessories,"₹8,699",4
"REDMI 12C (Royal Blue, 128 GB)",6 GB RAM | 128 GB ROM | Expandable Upto 1 TB17.04 cm (6.71 inch) HD+ Display50MP Rear Camera | 5MP Front Camera5000 mAh BatteryHelio G85 Processor1 Year Manufacturer Warranty for Phone and 6 Months Warranty for In the Box Accessories,"₹9,599",4.1
"REDMI 12 (Jade Black, 128 GB)",6 GB RAM | 128 GB ROM | Expandable Upto 1 TB17.25 cm (6.79 inch) Full HD+ Display50MP + 8MP + 2MP | 8MP Front Camera5000 mAh BatteryHelio G88 Processor1 Year Manufacturer Warranty for Phone and 6 Months Warranty for in the Box Accessories,"₹8,990",4.2
"SAMSUNG Galaxy M04 (Light Green, 128 GB)",4 GB RAM | 128 GB ROM | Expandable Upto 64 GB16.51 cm (6.5 inch) HD+ Display13MP + 2MP5000 mAh BatteryMediaTek Helio P35 Processor1 year manufacturer warranty for device and 6 months manufacturer warranty for in-box accessories,"₹9,469",4.1
"itel A70 (Field Green, 256 GB)",4 GB RAM | 256 GB ROM16.76 cm (6.6 inch) Display13MP Rear Camera5000 mAh BatteryDomestic Warranty 1 Year For Handset And 6 Month For Accessories.,"₹7,299",4.1
"vivo Y02 (Cosmic Grey, 32 GB)",3 GB RAM | 32 GB ROM16.54 cm (6.51 inch) HD+ Display8MP Rear Camera | 5MP Front Camera5000 mAh BatteryMediaTek P22 Processor1 Year of Device & 6 Months for In-Box Accessories,"₹8,150",4.2
"REDMI 12 (Moonstone Silver, 128 GB)",4 GB RAM | 128 GB ROM | Expandable Upto 1 TB17.25 cm (6.79 inch) Full HD+ Display50MP + 8MP + 2MP | 8MP Front Camera5000 mAh BatteryHelio G88 Processor1 Year Manufacturer Warranty for Phone and 6 Months Warranty for in the Box Accessories,"₹9,289",4.3
"SAMSUNG Galaxy A05 (Black, 64 GB)",4 GB RAM | 64 GB ROM | Expandable Upto 1 TB17.12 cm (6.74 inch) HD+ Display50MP + 2MP | 8MP Front Camera5000 mAh BatteryHelio G85 Processor1 Year Manufacturer Warranty for Device and 6 Months Manufacturer Warranty for Inbox Accessories,"₹9,999",4.3
"SAMSUNG Galaxy A05 (Silver, 64 GB)",4 GB RAM | 64 GB ROM | Expandable Upto 1 TB17.12 cm (6.74 inch) HD+ Display50MP + 2MP | 8MP Front Camera5000 mAh BatteryHelio G85 Processor1 Year Manufacturer Warranty for Device and 6 Months Manufacturer Warranty for Inbox Accessories,"₹9,999",4.3
"LAVA Blaze (Glass Black, 64 GB)",3 GB RAM | 64 GB ROM | Expandable Upto 256 GB16.51 cm (6.5 inch) HD+ Display13MP Triple AI Camera + 8MP front camera | 8MP Front Camera5000 mAh Lithium Polymer BatteryMediatek Helio A22 Processor1 Year Handset Warranty and 6 Months Warranty on Accessories,"₹5,999",4
"REDMI 12C (Matte Black, 128 GB)",6 GB RAM | 128 GB ROM | Expandable Upto 1 TB17.04 cm (6.71 inch) HD+ Display50MP Rear Camera | 5MP Front Camera5000 mAh BatteryHelio G85 Processor1 Year Manufacturer Warranty for Phone and 6 Months Warranty for In the Box Accessories,"₹9,599",4.1
"LAVA Blaze 2 5G with Dual Sim|50MP Rear Camera|5000 mAh Battery|Expandable Upto 1 TB (Glass Blue, 64 G...",4 GB RAM | 64 GB ROM16.66 cm (6.56 inch) Full HD+ Display50MP Rear Camera5000 mAh Battery1 Year Handset Warranty and 6 Months Warranty on Accessories,"₹10,190",4.2
"LAVA Blaze Pro (Glass Green, 64 GB)",4 GB RAM | 64 GB ROM | Expandable Upto 256 GB16.51 cm (6.5 inch) HD+ Display50MP Rear Camera | 8MP Front Camera5000 mAh Lithium Polymer BatteryMediatek G37 Octa Core Processor Processor1 Year Handset Warranty and 6 Months Warranty on Accessories,"₹10,499",4.1
"REDMI 12 (Moonstone Silver, 128 GB)",6 GB RAM | 128 GB ROM | Expandable Upto 1 TB17.25 cm (6.79 inch) Full HD+ Display50MP + 8MP + 2MP | 8MP Front Camera5000 mAh BatteryHelio G88 Processor1 Year Manufacturer Warranty for Phone and 6 Months Warranty for in the Box Accessories,"₹9,147",4.2
OPPO A18,4 GB RAM | 64 GB ROM16.92 cm (6.66 inch) HD+ Display8MP Rear Camera5000 mAh BatteryHELIO G85 Processor1 YEAR,"₹10,000",4.3
"REDMI A3 (Midnight Black, 128 GB)",6 GB RAM | 128 GB ROM | Expandable Upto 1 TB17.04 cm (6.71 inch) HD+ Display8MP Rear Camera | 5MP Front Camera5000 mAh BatteryMediatek Helio G36 Processor1 Year Manufacturer Warranty for Phone and 6 Months Warranty for In the Box Accessories,"₹8,720",4
"Micromax IN 1 (Purple, 64 GB)",4 GB RAM | 64 GB ROM | Expandable Upto 256 GB16.94 cm (6.67 inch) Full HD+ Display48MP + 2MP + 2MP | 8MP Front Camera5000 mAh Lithium Polymer BatteryMediaTek Helio G80 ProcessorOne Year for Handset and 6 Months for Accessories,"₹9,999",4
"LAVA Blaze 2 5G with Dual Sim|50MP Rear Camera|5000 mAh Battery|Expandable Upto 1 TB (Glass Lavender, ...",4 GB RAM | 64 GB ROM16.66 cm (6.56 inch) Full HD+ Display50MP Rear Camera5000 mAh Battery1 Year Handset Warranty and 6 Months Warranty on Accessories,"₹10,330",4.2
"LAVA Blaze 2 5G with Dual Sim|50MP Rear Camera|5000 mAh Battery|Expandable Upto 1 TB (Glass Black, 64 ...",4 GB RAM | 64 GB ROM16.66 cm (6.56 inch) Full HD+ Display50MP Rear Camera5000 mAh Battery1 Year Handset Warranty and 6 Months Warranty on Accessories,"₹9,937",4.2
"REDMI 13C (Stardust Black, 128 GB)",6 GB RAM | 128 GB ROM | Expandable Upto 1 TB17.12 cm (6.74 inch) HD+ Display50MP Rear Camera | 8MP Front Camera5000 mAh BatteryHelio G85 Processor1 Year Manufacturer Warranty for Phone and 6 Months Warranty for In the Box Accessories,"₹9,230",4.2
"SAMSUNG Galaxy A04 (Copper, 128 GB)",4 GB RAM | 128 GB ROM | Expandable Upto 1 TB16.51 cm (6.5 inch) HD+ Display50MP + 2MP | 5MP Front Camera5000 mAh Lithium Ion BatteryMediatek Helio P35 Processor1 Year Manufacturer Warranty for Device and 6 Months Manufacturer Warranty for In-Box Accessories,"₹9,499",3.9
"SAMSUNG GALAXY M13 (Aqua Green, 64 GB)",4 GB RAM | 64 GB ROM16.76 cm (6.6 inch) Display50MP Rear Camera6000 mAh Battery1 Year Warranty,"₹9,999",4.2
"REDMI 10A SPORT (CHARCOAL BLACK, 128 GB)",6 GB RAM | 128 GB ROM16.59 cm (6.53 inch) Display13MP Rear Camera5000 mAh Battery12 Months Warranty,"₹8,881",4
"itel S24 (Dawn White, 128 GB)",8 GB RAM | 128 GB ROM16.76 cm (6.6 inch) HD+ Display108MP Rear Camera5000 mAh Battery1 Year Manufacture Warranty,"₹8,999",3.9
"vivo Y16 (Steller Black, 64 GB)",3 GB RAM | 64 GB ROM | Expandable Upto 1 TB16.54 cm (6.51 inch) HD+ Display13MP + 2MP | 5MP Front Camera5000 mAh Lithium BatteryMediatek Helio P35 Processor1 Year of Device & 6 Months for In-Box Accessories,"₹10,999",4.2
"REDMI 13C (Stardust Black, 128 GB)",4 GB RAM | 128 GB ROM17.12 cm (6.74 inch) Display50MP Rear Camera5000 mAh Battery1 Year,"₹8,555",4.2
"vivo Y16 (Steller Black, 64 GB)",4 GB RAM | 64 GB ROM | Expandable Upto 1 TB16.54 cm (6.51 inch) HD+ Display13MP + 2MP | 5MP Front Camera5000 mAh Lithium BatteryMediatek Helio P35 Processor1 Year of Device & 6 Months for In-Box Accessories,"₹15,999",4.3
"vivo Y02t (Sunset Gold, 64 GB)",4 GB RAM | 64 GB ROM16.54 cm (6.51 inch) HD+ Display8MP Rear Camera | 5MP Front Camera5000 mAh BatteryHelio P35 Processor1 Year Handset and 6 Months Accessories,"₹7,499",4.2
"vivo Y18e (Space Black, 64 GB)",4 GB RAM | 64 GB ROM | Expandable Upto 1 TB16.66 cm (6.56 inch) Display13MP + 0.08MP | 5MP Front Camera5000 mAh BatteryHelios G85 Processor1 Year Manufacturer Warranty for Device and 6 Months Manufacturer Warranty for Inbox Accessories,"₹8,499",4.1
"REDMI 12C (Lavender Purple, 128 GB)",6 GB RAM | 128 GB ROM | Expandable Upto 1 TB17.04 cm (6.71 inch) HD+ Display50MP Rear Camera | 5MP Front Camera5000 mAh BatteryHelio G85 Processor1 Year Manufacturer Warranty for Phone and 6 Months Warranty for In the Box Accessories,"₹9,499",4.1
"SAMSUNG Galaxy M04 (Dark Blue, 128 GB)",4 GB RAM | 128 GB ROM16.51 cm (6.5 inch) HD+ Display13MP + 5MP | 13MP Dual Front Camera5000 mAh BatteryMediaTek Helio P35 Processor1 year manufacturer warranty for device and 6 months manufacturer warranty for in-box accessories,"₹9,489",4.1
"REDMI 12C (Royal Blue, 64 GB)",4 GB RAM | 64 GB ROM | Expandable Upto 1 TB17.04 cm (6.71 inch) HD+ Display50MP Rear Camera | 5MP Front Camera5000 mAh BatteryHelio G85 Processor1 Year Manufacturer Warranty for Phone and 6 Months Warranty for In the Box Accessories,"₹7,999",4.2
"realme Narzo N63 4G (Twilight Purple, 128 GB)",4 GB RAM | 128 GB ROM17.12 cm (6.74 inch) Display50MP Rear Camera | 8MP Front Camera5000 mAh BatteryDomestic Warranty  1 year for handset and 6 months for accessories.,"₹9,126",4
"realme C25_Y (Metal Grey, 128 GB)",4 GB RAM | 128 GB ROM16.51 cm (6.5 inch) HD+ Display50MP + 2MP + 2MP | 8MP Front Camera5000 mAh LiPo BatteryUnisoc T618 Processor1 Year Domestic Warranty,"₹9,999",4.5
"REDMI 12C (Matte Black, 128 GB)",4 GB RAM | 128 GB ROM | Expandable Upto 1 TB17.04 cm (6.71 inch) HD+ Display50MP Rear Camera | 5MP Front Camera5000 mAh BatteryHelio G85 Processor1 Year Manufacturer Warranty for Phone and 6 Months Warranty for In the Box Accessories,"₹8,990",4.2
"Infinix Hot 11 (Silver Wave, 64 GB)",4 GB RAM | 64 GB ROM | Expandable Upto 256 GB16.76 cm (6.6 inch) Full HD+ Display13MP + Depth Lens | 8MP Front Camera5200 mAh Li-ion Polymer BatteryMediaTek Helio G70 Processor1 Year on Handset and 6 Months on Accessories,"₹9,999",4.3
"LAVA Yuva 5G (Mystic Blue, 64 GB)",4 GB RAM | 64 GB ROM16.59 cm (6.53 inch) Display50MP Rear Camera5000 mAh Battery1 year manufacturer Warranty,"₹9,999",4.1
"POCO C55 (Forest Green, 64 GB)",4 GB RAM | 64 GB ROM | Expandable Upto 1 TB17.04 cm (6.71 inch) HD+ Display50MP Dual Rear Camera | 5MP Front Camera5000 mAh BatteryMediatek Helio G85 Processor1 Year Manufacturer Warranty for Phone and 6 Months Warranty for In the Box Accessories,"₹9,499",4.2
"REDMI 12C (Mint Green, 128 GB)",4 GB RAM | 128 GB ROM | Expandable Upto 1 TB17.04 cm (6.71 inch) HD+ Display50MP Rear Camera | 5MP Front Camera5000 mAh BatteryHelio G85 Processor1 Year Manufacturer Warranty for Phone and 6 Months Warranty for In the Box Accessories,"₹9,050",4.2
"REDMI 13C (Starshine Green, 128 GB)",6 GB RAM | 128 GB ROM | Expandable Upto 1 TB17.12 cm (6.74 inch) HD+ Display50MP Rear Camera | 8MP Front Camera5000 mAh BatteryHelio G85 Processor1 Year Manufacturer Warranty for Phone and 6 Months Warranty for In the Box Accessories,"₹9,499",4.2
"REDMI 12 (Jade Black, 128 GB)",4 GB RAM | 128 GB ROM | Expandable Upto 1 TB17.25 cm (6.79 inch) Full HD+ Display50MP + 8MP + 2MP | 8MP Front Camera5000 mAh BatteryHelio G88 Processor1 Year Manufacturer Warranty for Phone and 6 Months Warranty for in the Box Accessories,"₹9,223",4.3
"REDMI 10A SPORT (SLATE GREY, 128 GB)",6 GB RAM | 128 GB ROM16.59 cm (6.53 inch) Display13MP Rear Camera5000 mAh Battery12 Months Warranty,"₹10,490",4
"SAMSUNG Galaxy A04 (Black, 128 GB)",4 GB RAM | 128 GB ROM | Expandable Upto 1 TB16.51 cm (6.5 inch) HD+ Display50MP + 2MP | 5MP Front Camera5000 mAh Lithium Ion BatteryMediatek Helio P35 Processor1 Year Manufacturer Warranty for Device and 6 Months Manufacturer Warranty for In-Box Accessories,"₹9,999",3.9
"LAVA Yuva 5G (Mystic Green, 128 GB)",4 GB RAM | 128 GB ROM16.59 cm (6.53 inch) Display50MP Rear Camera5000 mAh Battery1 year manufacturer Warranty,"₹10,451",4.1
"Infinix Hot 11 (Emerald Green, 64 GB)",4 GB RAM | 64 GB ROM | Expandable Upto 256 GB16.76 cm (6.6 inch) Full HD+ Display13MP + Depth Lens | 8MP Front Camera5200 mAh Li-ion Polymer BatteryMediaTek Helio G70 Processor1 Year on Handset and 6 Months on Accessories,"₹9,999",4.3
"vivo Y16 (Drizzling Gold, 64 GB)",4 GB RAM | 64 GB ROM | Expandable Upto 1 TB16.54 cm (6.51 inch) HD+ Display13MP + 2MP | 5MP Front Camera5000 mAh Lithium BatteryMediatek Helio P35 Processor1 Year of Device & 6 Months for In-Box Accessories,"₹15,999",4.3
"REDMI A2+ (?Aqua Blue, 64 GB)",4 GB RAM | 64 GB ROM16.56 cm (6.52 inch) Display8MP Rear Camera5000 mAh Battery2 year domestic,"₹8,165",4.1
"REDMI 11 Prime (Peppy Purple, 128 GB)",6 GB RAM | 128 GB ROM | Expandable Upto 512 GB16.71 cm (6.58 inch) Full HD+ Display50MP + 2MP + 2MP | 8MP Front Camera5000 mAh BatteryHelio G99 Processor1 Year Manufacturer Warranty for Phone and 6 Months Warranty for In the Box Accessories,"₹10,249",4.3
"REDMI 9 Activ (Carbon Black, 64 GB)",4 GB RAM | 64 GB ROM | Expandable Upto 512 GB16.59 cm (6.53 inch) HD+ Display13MP + 2MP | 5MP Front Camera5000 mAh Lithium Polymer BatteryMediatek Helio G35 Processor1 Year Manufacturer Warranty for Phone and 6 Months Warranty for in the Box Accessories,"₹8,490",4.2
"Nokia C32 (Breezy Mint, 64 GB)",4 GB RAM | 64 GB ROM16.55 cm (6.517 inch) Display50MP Rear Camera | 8MP Front Camera5000 mAh BatterySC9863A1 Processor1 Year Replacement Guarantee for Device and 6 Months Manufacturer Warranty for In-Box Accessories Including Battery from the Date of Purchase,"₹7,999",3.8
"realme Narzo 50A Prime (Flash Black, 64 GB)",4 GB RAM | 64 GB ROM | Expandable Upto 512 GB16.76 cm (6.6 inch) Full HD+ Display50MP Rear Camera | 8MP Front Camera5000 mAh Battery1 Year Manufacturer Warranty for Phone and 6 Months Warranty for In-Box Accessories,"₹9,800",4.1
"REDMI 13C (Starfrost White, 128 GB)",6 GB RAM | 128 GB ROM | Expandable Upto 1 TB17.12 cm (6.74 inch) HD+ Display50MP Rear Camera | 8MP Front Camera5000 mAh BatteryHelio G85 Processor1 Year Manufacturer Warranty for Phone and 6 Months Warranty for In the Box Accessories,"₹9,499",4.2
"LAVA Yuva 3Pro (Meadow Purple, 128 GB)",8 GB RAM | 128 GB ROM16.51 cm (6.5 inch) Display50MP Rear Camera5000 mAh Battery1 Year,"₹8,349",4
"Tecno Spark 10 (Meta Blue, 128 GB)",8 GB RAM | 128 GB ROM | Expandable Upto 1 TB16.76 cm (6.6 inch) HD Display50MP Rear Camera | 8MP Front Camera5000 mAh BatteryMediatek Helio G37 Processor1 Year Manufacturer Warranty for Device and 6 Months Manufacturer Warranty for In-Box Accessories,"₹9,999",4.1
"REDMI 12 (Pastel Blue, 128 GB)",4 GB RAM | 128 GB ROM | Expandable Upto 1 TB17.25 cm (6.79 inch) Full HD+ Display50MP + 8MP + 2MP | 8MP Front Camera5000 mAh BatteryHelio G88 Processor1 Year Manufacturer Warranty for Phone and 6 Months Warranty for in the Box Accessories,"₹9,245",4.3
"REDMI A2+ (Sea Green, 64 GB)",4 GB RAM | 64 GB ROM16.56 cm (6.52 inch) Display8MP Rear Camera5000 mAh Battery2 year domestic,"₹8,257",4.1
"LAVA Blaze 2pro (Swag Blue, 128 GB)",8 GB RAM | 128 GB ROM | Expandable Upto 256 GB16.51 cm (6.5 inch) HD+ Display50MP Rear Camera5000 mAh Battery1 Year Handset Warranty and 6 Months Warranty on Accessories,"₹9,023",3.9
"REDMI 11 Prime (Flashy Black, 128 GB)",6 GB RAM | 128 GB ROM | Expandable Upto 512 GB16.71 cm (6.58 inch) Full HD+ Display50MP + 2MP + 2MP | 8MP Front Camera5000 mAh BatteryHelio G99 Processor1 Year Manufacturer Warranty for Phone and 6 Months Warranty for In the Box Accessories,"₹9,990",4.3
"REDMI 11 Prime (Playful Green, 64 GB)",4 GB RAM | 64 GB ROM | Expandable Upto 512 GB16.71 cm (6.58 inch) Full HD+ Display50MP + 2MP + 2MP | 8MP Front Camera5000 mAh BatteryHelio G99 Processor1 Year Manufacturer Warranty for Phone and 6 Months Warranty for In the Box Accessories,"₹10,999",4.2
"POCO C55 (Power Black, 64 GB)",4 GB RAM | 64 GB ROM | Expandable Upto 1 TB17.04 cm (6.71 inch) HD+ Display50MP Dual Rear Camera | 5MP Front Camera5000 mAh BatteryMediatek Helio G85 Processor1 Year Manufacturer Warranty for Phone and 6 Months Warranty for In the Box Accessories,"₹9,499",4.2
"MOTOROLA G8 Power Lite (Arctic Blue, 64 GB)",4 GB RAM | 64 GB ROM | Expandable Upto 256 GB16.51 cm (6.5 inch) HD+ Display16MP + 2MP + 2MP | 8MP Front Camera5000 mAh Lithium-ion BatteryMediaTek Helio P35 Processor1 Year for Handset and 6 Months for In-box Accessories,"₹9,999",4.3
"Motorola g13 (Matte Charcoal, 64 GB)",4 GB RAM | 64 GB ROM | Expandable Upto 1 TB16.51 cm (6.5 inch) HD+ Display50MP + 2MP + 2MP | 8MP Front Camera5000 mAh BatteryHelio G85 Processor1 Year on Handset and 6 Months on Accessories,"₹9,499",4
"realme Narzo 50A Prime (Flash Black, 128 GB)",4 GB RAM | 128 GB ROM16.76 cm (6.6 inch) Display50MP Rear Camera5000 mAh Battery12 Months Brand Warranty,"₹14,499",4.1
"REDMI 12C (Lavender Purple, 128 GB)",4 GB RAM | 128 GB ROM | Expandable Upto 1 TB17.04 cm (6.71 inch) HD+ Display50MP Rear Camera | 5MP Front Camera5000 mAh BatteryHelio G85 Processor1 Year Manufacturer Warranty for Phone and 6 Months Warranty for In the Box Accessories,"₹9,990",4.2
"realme C55 (Rainforest, 64 GB)",6 GB RAM | 64 GB ROM | Expandable Upto 1 TB17.07 cm (6.72 inch) Full HD+ Display64MP + 2MP | 8MP Front Camera5000 mAh BatteryHelio G88 Processor1 Year Manufacturer Warranty for Phone and 6 Months Warranty for In the Box Accessories,"₹9,999",4.3
"REDMI 9 Activ (Metallic Purple, 64 GB)",4 GB RAM | 64 GB ROM16.59 cm (6.53 inch) Display13MP Rear Camera5000 mAh Battery12 months,"₹9,380",4.2
"REDMI 10 (Pacific Blue, 64 GB)",4 GB RAM | 64 GB ROM | Expandable Upto 1 TB17.02 cm (6.7 inch) HD+ Display50MP + 2MP | 5MP Front Camera6000 mAh Lithium Polymer BatteryQualcomm Snapdragon 680 Processor1 Year Warranty for Phone and 6 Months Warranty for In-Box Accessories,"₹14,999",4.3
"REDMI 11 Prime (Flashy Black, 64 GB)",4 GB RAM | 64 GB ROM | Expandable Upto 512 GB16.71 cm (6.58 inch) Full HD+ Display50MP + 2MP + 2MP | 8MP Front Camera5000 mAh BatteryHelio G99 Processor1 Year Manufacturer Warranty for Phone and 6 Months Warranty for In the Box Accessories,"₹10,999",4.2
"REDMI 10A (Sea Blue, 32 GB)",3 GB RAM | 32 GB ROM16.59 cm (6.53 inch) Display13MP Rear Camera5000 mAh Battery12 months,"₹7,299",4.1
"LAVA Z6 (AQUA BLUE, 64 GB)",6 GB RAM | 64 GB ROM16.51 cm (6.5 inch) Display13MP Rear Camera5000 mAh Battery1 Year Handset Warranty and 6 Months Warranty on Accessories,"₹9,439",4
"LAVA Yuva 3PRO DS with Premium Glass Back Design|5000 mAh Battery|Expandable Upto 1TB (DESERT GOLD, 12...",8 GB RAM | 128 GB ROM | Expandable Upto 1 TB16.51 cm (6.5 inch) HD+ Display50MP + 2MP | 8MP Front Camera5000 mAh BatteryUnisoc Tiger T616 (12 nm) Processor1 Year Handset Domestic Warranty and 6 Months Warranty on Accessories,"₹8,349",4
"POCO M2 Reloaded (Mostly Blue, 64 GB)","4 GB RAM | 64 GB ROM | Expandable Upto 512 GB16.59 cm (6.53 inch) Full HD+ Display13MP + 8MP + 5MP + 2MP | 8MP Front Camera5000 mAh Lithium Polymer BatteryMediaTek Helio G80 Processor1 Year for Handset, 6 Months for Accessories","₹11,999",4.3
"REDMI 11 Prime (Peppy Purple, 64 GB)",4 GB RAM | 64 GB ROM | Expandable Upto 512 GB16.71 cm (6.58 inch) Full HD+ Display50MP + 2MP + 2MP | 8MP Front Camera5000 mAh BatteryHelio G99 Processor1 Year Manufacturer Warranty for Phone and 6 Months Warranty for In the Box Accessories,"₹10,999",4.2
"itel A70 (Azure Blue, 256 GB)",12 GB RAM | 256 GB ROM16.76 cm (6.6 inch) Display13MP Rear Camera5000 mAh BatteryDomestic Warranty 1 Year For Handset And 6 Month For Accessories.,"₹8,439",3.9
"SAMSUNG Galaxy F22 (Denim Black, 64 GB)",4 GB RAM | 64 GB ROM | Expandable Upto 1 TB16.26 cm (6.4 inch) HD+ Display48MP + 8MP + 2MP + 2MP | 13MP Front Camera6000 mAh Lithium-ion BatteryMediaTek Helio G80 Processor1 Year Warranty Provided by the Manufacturer from Date of Purchase,"₹11,499",4.3
"realme Narzo 20A (Victory Blue, 64 GB)",4 GB RAM | 64 GB ROM | Expandable Upto 256 GB16.51 cm (6.5 inch) HD+ Display12MP + 2MP + 2MP | 8MP Front Camera5000 mAh Lithium-ion BatteryQualcomm Snapdragon 665 ProcessorBrand Warranty of 1 Year Available for Mobile and 6 Months for Accessories,"₹11,999",4.4
"REDMI 10 (Caribbean Green, 128 GB)",6 GB RAM | 128 GB ROM | Expandable Upto 1 TB17.02 cm (6.7 inch) HD+ Display50MP + 2MP | 5MP Front Camera6000 mAh Lithium Polymer BatteryQualcomm Snapdragon 680 Processor1 Year Warranty for Phone and 6 Months Warranty for In-Box Accessories,"₹12,999",4.2
"POCO C31 (Shadow Gray, 64 GB)","4 GB RAM | 64 GB ROM | Expandable Upto 512 GB16.59 cm (6.53 inch) HD+ Display13MP + 2MP + 2MP | 5MP Front Camera5000 mAh Lithium-ion Polymer BatteryMediaTek Helio G35 Processor1 Year Warranty for Handset, 6 Months for Accessories","₹9,499",4.3
"SAMSUNG Galaxy A03 Core (Onyx, 32 GB)","2 GB RAM | 32 GB ROM16.51 cm (6.5 inch) Display8MP Rear Camera5000 mAh Battery12 Months brand Warranty , Domestic Only","₹6,889",4.1
"Nokia C32 (Beach Pink, 128 GB)",6 GB RAM | 128 GB ROM16.55 cm (6.517 inch) Display50MP Rear Camera5000 mAh Battery1 Year Replacement Guarantee for Device and 6 Months Manufacturer Warranty for In-Box Accessories Including Battery from the Date of Purchase,"₹9,999",3.9
"itel A70 (Field Green, 128 GB)",12 GB RAM | 128 GB ROM16.76 cm (6.6 inch) Display13MP Rear Camera5000 mAh BatteryDomestic Warranty 1 Year For Handset And 6 Month For Accessories.,"₹9,990",3.9
"SAMSUNG Galaxy F12 (Sea Green, 64 GB)",4 GB RAM | 64 GB ROM | Expandable Upto 512 GB16.55 cm (6.515 inch) HD+ Display48MP + 5MP + 2MP + 2MP | 8MP Front Camera6000 mAh Lithium-ion BatteryExynos 850 Processor1 Year Warranty Provided by the Manufacturer from Date of Purchase,"₹10,499",4.3
"itel A70 (Brilliant Gold, 256 GB)",12 GB RAM | 256 GB ROM16.76 cm (6.6 inch) Display13MP Rear Camera5000 mAh BatteryDomestic Warranty 1 Year For Handset And 6 Month For Accessories.,"₹9,990",3.9
"LAVA Blaze Pro 6GB+128GB (Glass Orange, 128 GB)",6 GB RAM | 128 GB ROM | Expandable Upto 256 GB16.51 cm (6.5 inch) HD+ Display50MP Rear Camera | 8MP Front Camera5000 mAh BatteryMediatek G37 Octa Core Processor Processor1 Year Handset Domestic Warranty and 6 Months Warranty on Accessories,"₹9,497",4.1
"LAVA Yuva 5G (Mystic Green, 64 GB)",4 GB RAM | 64 GB ROM16.59 cm (6.53 inch) Display50MP Rear Camera5000 mAh Battery1 year manufacturer Warranty,"₹9,487",4.1
"POCO C3 (Matte Black, 64 GB)",4 GB RAM | 64 GB ROM | Expandable Upto 512 GB16.59 cm (6.53 inch) HD+ Display13MP + 2MP + 2MP | 5MP Front Camera5000 mAh Li-ion Polymer BatteryMediatek Helio G35 Processor1 Year on Handset and 6 Months on Accessories,"₹9,499",4.3
"realme Narzo 20A (Victory Blue, 64 GB)",4 GB RAM | 64 GB ROM | Expandable Upto 256 GB16.51 cm (6.5 inch) HD+ Display12MP + 2MP + 2MP | 8MP Front Camera5000 mAh Lithium-ion BatteryQualcomm Snapdragon 665 ProcessorBrand Warranty of 1 Year Available for Mobile and 6 Months for Accessories,"₹11,999",4.4
"REDMI 10 (Caribbean Green, 128 GB)",6 GB RAM | 128 GB ROM | Expandable Upto 1 TB17.02 cm (6.7 inch) HD+ Display50MP + 2MP | 5MP Front Camera6000 mAh Lithium Polymer BatteryQualcomm Snapdragon 680 Processor1 Year Warranty for Phone and 6 Months Warranty for In-Box Accessories,"₹12,999",4.2
"realme P1 5G (Phoenix Red, 128 GB)",6 GB RAM | 128 GB ROM | Expandable Upto 2 TB16.94 cm (6.67 inch) Full HD+ Display50MP + 2MP | 16MP Front Camera5000 mAh BatteryDimensity 7050 Processor1 Year Manufacturer Warranty for Device and 6 Months Manufacturer Warranty for Inbox Accessories,"₹15,999",4.3
"realme 13 Pro 5G (Monet Gold, 128 GB)",8 GB RAM | 128 GB ROM17.02 cm (6.7 inch) Full HD+ Display50MP + 8MP + 2MP | 32MP Front Camera5200 mAh BatterySnapdragon 7s Gen2 Processor1 Year Manufacturer Warranty for Device and 6 Months Manufacturer Warranty for Inbox Accessories,"₹26,999",4.1
"SAMSUNG Galaxy A03 Core (Onyx, 32 GB)","2 GB RAM | 32 GB ROM16.51 cm (6.5 inch) Display8MP Rear Camera5000 mAh Battery12 Months brand Warranty , Domestic Only","₹6,889",4.1
"REDMI 10A SPORT (CHARCOAL BLACK, 128 GB)",6 GB RAM | 128 GB ROM16.59 cm (6.53 inch) Display13MP Rear Camera5000 mAh Battery12 Months Warranty,"₹8,890",4
"OPPO K12x 5G with 45W SUPERVOOC Charger In-The-Box (Breeze Blue, 256 GB)",8 GB RAM | 256 GB ROM | Expandable Upto 1 TB16.94 cm (6.67 inch) HD Display32MP + 2MP | 8MP Front Camera5100 mAh BatteryDimensity 6300 Processor1 Year Manufacturer Warranty for Device and 6 Months Manufacturer Warranty for Inbox Accessories,"₹15,999",4.4
"itel S24 (Dawn White, 128 GB)",8 GB RAM | 128 GB ROM16.76 cm (6.6 inch) HD+ Display108MP Rear Camera5000 mAh Battery1 Year Manufacture Warranty,"₹8,899",3.9
"itel A70 (Field Green, 128 GB)",12 GB RAM | 128 GB ROM16.76 cm (6.6 inch) Display13MP Rear Camera5000 mAh BatteryDomestic Warranty 1 Year For Handset And 6 Month For Accessories.,"₹9,990",3.9
"REDMI Note 11 (Horizon Blue, 64 GB)",6 GB RAM | 64 GB ROM16.33 cm (6.43 inch) Display50MP Rear Camera5000 mAh Battery1 Year Manufacturer Warranty for Handset and 6 Months Warranty for In the Box Accessories,"₹12,900",4.2
"REDMI 12C (Lavender Purple, 128 GB)",4 GB RAM | 128 GB ROM | Expandable Upto 1 TB17.04 cm (6.71 inch) HD+ Display50MP Rear Camera | 5MP Front Camera5000 mAh BatteryHelio G85 Processor1 Year Manufacturer Warranty for Phone and 6 Months Warranty for In the Box Accessories,"₹9,990",4.2
"REDMI 13C (Starshine Green, 128 GB)",6 GB RAM | 128 GB ROM | Expandable Upto 1 TB17.12 cm (6.74 inch) HD+ Display50MP Rear Camera | 8MP Front Camera5000 mAh BatteryHelio G85 Processor1 Year Manufacturer Warranty for Phone and 6 Months Warranty for In the Box Accessories,"₹9,499",4.2
"SAMSUNG Galaxy F12 (Sea Green, 64 GB)",4 GB RAM | 64 GB ROM | Expandable Upto 512 GB16.55 cm (6.515 inch) HD+ Display48MP + 5MP + 2MP + 2MP | 8MP Front Camera6000 mAh Lithium-ion BatteryExynos 850 Processor1 Year Warranty Provided by the Manufacturer from Date of Purchase,"₹10,499",4.3
"LAVA Blaze Nxt (Glass Red, 64 GB)",4 GB RAM | 64 GB ROM | Expandable Upto 256 GB16.51 cm (6.5 inch) HD+ Display13MP Rear Camera | 8MP Front Camera5000 mAh BatteryMediaTek G37 Processor1 Year Handset Warranty and 6 Months Warranty on Accessories,"₹8,999",4
"Nokia C32 (Beach Pink, 128 GB)",6 GB RAM | 128 GB ROM16.55 cm (6.517 inch) Display50MP Rear Camera5000 mAh Battery1 Year Replacement Guarantee for Device and 6 Months Manufacturer Warranty for In-Box Accessories Including Battery from the Date of Purchase,"₹9,999",3.9
"itel P55 Plus (Royal Green, 256 GB)",8 GB RAM | 256 GB ROM16.76 cm (6.6 inch) Display50MP Rear Camera5000 mAh BatteryDomestic Warranty 1 Year For Handset and 6 Month for Accessories.,"₹11,998",4
"POCO M2 Reloaded (Greyish Black, 64 GB)","4 GB RAM | 64 GB ROM | Expandable Upto 512 GB16.59 cm (6.53 inch) Full HD+ Display13MP + 8MP + 5MP + 2MP | 8MP Front Camera5000 mAh Lithium Polymer BatteryMediaTek Helio G80 Processor1 Year for Handset, 6 Months for Accessories","₹11,999",4.3
"vivo Y16 (Drizzling Gold, 128 GB)",4 GB RAM | 128 GB ROM | Expandable Upto 1 TB16.54 cm (6.51 inch) HD+ Display13MP + 2MP | 5MP Front Camera5000 mAh Lithium BatteryMediatek Helio P35 Processor1 Year of Device & 6 Months for In-Box Accessories,"₹9,999",4.3
"LAVA Yuva 5G (Mystic Blue, 128 GB)",4 GB RAM | 128 GB ROM16.59 cm (6.53 inch) Display50MP Rear Camera5000 mAh Battery1 year manufacturer Warranty,"₹9,999",4.1
"SAMSUNG Galaxy A03 Core (Bronze, 32 GB)",2 GB RAM | 32 GB ROM | Expandable Upto 1 TB16.51 cm (6.5 inch) HD+ Display8MP Rear Camera | 5MP Front Camera5000 mAh Battery1 Year of Device & 6 Months for In-Box Accessories,"₹7,990",4.1
"itel P55 Plus (Meteor Black, 256 GB)",8 GB RAM | 256 GB ROM16.76 cm (6.6 inch) Display50MP Rear Camera5000 mAh BatteryDomestic Warranty 1 Year For Handset and 6 Month for Accessories.,"₹10,498",4
"Nokia C21 Plus (Warm Grey, 32 GB)",3 GB RAM | 32 GB ROM16.69 cm (6.57 inch) HD+ Display13MP + 2MP | 5MP Front Camera5050 mAh Lithium Polymer BatteryOcta Core Processor1 Year Manufacturer Warranty for Device and 6 Months Manufacturer Warranty for In-Box Accessories Including Battery from the Date of Purchase,"₹10,299",3.5
"Nokia C21 Plus (Dark Cyan, 64 GB)",4 GB RAM | 64 GB ROM16.69 cm (6.57 inch) HD+ Display13MP + 2MP | 5MP Front Camera5050 mAh Lithium Polymer BatteryOcta Core Processor1 Year Manufacturer Warranty for Device and 6 Months Manufacturer Warranty for In-Box Accessories Including Battery from the Date of Purchase,"₹8,990",3.7
"Nokia C21 Plus (Dark Cyan, 32 GB)",3 GB RAM | 32 GB ROM16.69 cm (6.57 inch) HD+ Display13MP + 2MP | 5MP Front Camera5050 mAh Lithium Polymer BatteryOcta Core Processor1 Year Manufacturer Warranty for Device and 6 Months Manufacturer Warranty for In-Box Accessories Including Battery from the Date of Purchase,"₹9,659",3.5
"REDMI 9 Activ (Carbon Black, 128 GB)",6 GB RAM | 128 GB ROM | Expandable Upto 512 GB16.59 cm (6.53 inch) HD+ Display13MP + 2MP | 5MP Front Camera5000 mAh Lithium Polymer BatteryMediatek Helio G35 Processor1 Year Warranty on Mobile Device and 6 months on Accessories,"₹12,999",4.2
"POCO C3 (Arctic Blue, 64 GB)",4 GB RAM | 64 GB ROM | Expandable Upto 512 GB16.59 cm (6.53 inch) HD+ Display13MP + 2MP + 2MP | 5MP Front Camera5000 mAh Li-ion Polymer BatteryMediatek Helio G35 Processor1 Year on Handset and 6 Months on Accessories,"₹8,999",4.3
"realme P1 5G (Phoenix Red, 128 GB)",6 GB RAM | 128 GB ROM | Expandable Upto 2 TB16.94 cm (6.67 inch) Full HD+ Display50MP + 2MP | 16MP Front Camera5000 mAh BatteryDimensity 7050 Processor1 Year Manufacturer Warranty for Device and 6 Months Manufacturer Warranty for Inbox Accessories,"₹15,999",4.3
"REDMI 9 Activ (Coral Green, 64 GB)",4 GB RAM | 64 GB ROM16.59 cm (6.53 inch) Display13MP Rear Camera5000 mAh Battery12 months,"₹9,800",4.2
"REDMI 9i (Midnight Black, 128 GB)",4 GB RAM | 128 GB ROM | Expandable Upto 512 GB16.59 cm (6.53 inch) HD+ Display13MP Rear Camera | 5MP Front Camera5000 mAh Lithium Polymer BatteryMediaTek Helio G25 ProcessorBrand Warranty of 1 Year Available for Mobile and 6 Months for Accessories,"₹9,299",4.3
"SAMSUNG A04 e (Copper, 64 GB)",3 GB RAM | 64 GB ROM16.51 cm (6.5 inch) HD+ Display13MP + 2MP | 5MP Front Camera5000 mAh BatteryMediatek MT6765 Helio P35 (12nm) Processor1 Year Manufacturer Warranty for Phone and 6 Months Warranty for In-Box Accessories,"₹9,699",4.2
"REDMI 12C (Mint Green, 128 GB)",6 GB RAM | 128 GB ROM | Expandable Upto 1 TB17.04 cm (6.71 inch) HD+ Display50MP Rear Camera | 5MP Front Camera5000 mAh BatteryHelio G85 Processor1 Year Manufacturer Warranty for Phone and 6 Months Warranty for In the Box Accessories,"₹9,299",4.1
"Lenovo K9 (Black, 32 GB)",3 GB RAM | 32 GB ROM | Expandable Upto 256 GB14.48 cm (5.7 inch) HD+ Display13MP + 5MP | 13MP + 5MP Dual Front Camera3000 mAh BatteryMediaTek P22 ProcessorBrand Warranty of 1 Year Available for Mobile and 6 Months for Accessories,"₹9,999",4.2
"POCO M3 (Cool Blue, 64 GB)","4 GB RAM | 64 GB ROM | Expandable Upto 512 GB16.59 cm (6.53 inch) Full HD+ Display48MP + 2MP + 2MP | 8MP Front Camera6000 mAh Lithium-ion Polymer BatteryQualcomm Snapdragon 662 ProcessorMultiple Hands-free Voice AssistantOne Year Warranty for Handset, 6 Months for Accessories","₹11,999",4.3
"REDMI 10A SPORT (SEA BLUE, 128 GB)",6 GB RAM | 128 GB ROM16.59 cm (6.53 inch) Display13MP Rear Camera5000 mAh Battery12 Months Warranty,"₹9,999",4
"realme Narzo 50A Prime (Flash Blue, 128 GB)",4 GB RAM | 128 GB ROM16.76 cm (6.6 inch) Display50MP Rear Camera5000 mAh Battery12 Months Brand Warranty,"₹9,999",4.1
"Nokia G11 Plus DS 50MP Camera, 8MP+2MP Dual Front Camera (Grey, 64 GB)",4 GB RAM | 64 GB ROM16.55 cm (6.517 inch) HD+ Display50MP + 2MP | 8MP + 2MP Dual Front Camera5000 mAh Lithium Polymer BatteryOcta Core Processor Processor1 Year Manufacturer Warranty For Device and 6 Months Manufacturer Warranty For in-box Accessories Including Battery From The Date of Purchase,"₹9,449",3.6
"realme 2 (Diamond Black, 32 GB)",3 GB RAM | 32 GB ROM | Expandable Upto 256 GB15.75 cm (6.2 inch) HD+ Display13MP + 2MP | 8MP Front Camera4230 mAh Li-ion BatteryQualcomm Snapdragon 450 Octa Core 1.8 GHz ProcessorBrand Warranty of 1 Year Available for Mobile and 6 Months for Accessories,"₹9,990",4.5
"SAMSUNG GALAXY M13 (Stardust Brown, 64 GB)",4 GB RAM | 64 GB ROM16.76 cm (6.6 inch) Display50MP Rear Camera6000 mAh Battery12 Months Warranty,"₹9,390",4.2
"POCO M2 (Brick Red, 64 GB)","6 GB RAM | 64 GB ROM | Expandable Upto 512 GB16.59 cm (6.53 inch) Full HD+ Display13MP + 8MP + 5MP + 2MP | 8MP Front Camera5000 mAh Lithium Polymer BatteryMediaTek Helio G80 Processor1 Year for Handset, 6 Months for Accessories","₹9,989",4.4
"Lenovo A6 Note (Blue, 32 GB)",3 GB RAM | 32 GB ROM | Expandable Upto 256 GB15.5 cm (6.102 inch) HD+ Display13MP + 2MP | 5MP Front Camera4000 mAh BatteryMediaTek P22 Octa Core ProcessorBrand Warranty of 1 Year Available for Mobile and 6 Months for Accessories,"₹9,999",4.2
"Nokia G11 Plus DS 50MP Camera, 8MP+2MP Dual Front Camera (Blue, 64 GB)",4 GB RAM | 64 GB ROM16.55 cm (6.517 inch) HD+ Display50MP + 2MP | 8MP + 2MP Dual Front Camera5000 mAh Lithium Polymer BatteryOcta Core Processor Processor1 Year Manufacturer Warranty For Device and 6 Months Manufacturer Warranty For in-box Accessories Including Battery From The Date of Purchase,"₹9,999",3.6
"Motorola G10 Power (Aurora Grey, 64 GB)",4 GB RAM | 64 GB ROM16.54 cm (6.51 inch) HD+ Display48MP + 8MP + 2MP + 2MP | 8MP Front Camera6000 mAh BatterySnapdragon 460 ProcessorStock Android Experience | Think Shield Security1 Year on Handset and 6 Months on Accessories,"₹9,999",4.2
"POCO C31 (Royal Blue, 64 GB)","4 GB RAM | 64 GB ROM | Expandable Upto 512 GB16.59 cm (6.53 inch) HD+ Display13MP + 2MP + 2MP | 5MP Front Camera5000 mAh Lithium-ion Polymer BatteryMediaTek G35 Processor1 Year Warranty for Handset, 6 Months for Accessories","₹9,499",4.3
"POCO C3 (Lime Green, 32 GB)",3 GB RAM | 32 GB ROM | Expandable Upto 512 GB16.59 cm (6.53 inch) HD+ Display13MP + 2MP + 2MP | 5MP Front Camera5000 mAh Li-ion Polymer BatteryMediatek Helio G35 Processor1 Year on Handset and 6 Months on Accessories,"₹7,990",4.3
"LAVA Blaze Pro 6GB+128GB (Glass Orange, 128 GB)",6 GB RAM | 128 GB ROM | Expandable Upto 256 GB16.51 cm (6.5 inch) HD+ Display50MP Rear Camera | 8MP Front Camera5000 mAh BatteryMediatek G37 Octa Core Processor Processor1 Year Handset Domestic Warranty and 6 Months Warranty on Accessories,"₹9,999",4.1
"realme Narzo 50i Prime (Mint Green, 64 GB)",4 GB RAM | 64 GB ROM16.51 cm (6.5 inch) Display8MP Rear Camera | 5MP Front Camera5000 mAh BatteryUnisoc T612 processor Processor1 Year Domestic Warranty for Phone and 6 Months Warranty for In-Box Accessories,"₹9,999",4.1
"MOTOROLA G8 Power Lite (Royal Blue, 64 GB)",4 GB RAM | 64 GB ROM | Expandable Upto 256 GB16.51 cm (6.5 inch) HD+ Display16MP + 2MP + 2MP | 8MP Front Camera5000 mAh Lithium-ion BatteryMediaTek Helio P35 Processor1 Year for Handset and 6 Months for In-box Accessories,"₹9,999",4.3
"realme Narzo 50i (Carbon Black, 64 GB)",4 GB RAM | 64 GB ROM | Expandable Upto 256 GB16.51 cm (6.5 inch) Display8MP Rear Camera | 5MP Front Camera5000 mAh BatterySC9863A Processor1 Year Warranty for Mobile and 6 Months for Accessories,"₹9,499",4.3
"REDMI A1 (Light Blue, 32 GB)",2 GB RAM | 32 GB ROM16.56 cm (6.52 inch) Display5MP Rear Camera5000 mAh Battery12 months,"₹7,289",4.2
"Nokia G10 (Night | Dark Blue, 64 GB)",4 GB RAM | 64 GB ROM16.51 cm (6.5 inch) HD+ Display13MP + 2MP + 2MP | 8MP Front Camera5050 mAh Lithium Ion BatteryMediaTek Helio G25 Processor1 Year Manufacturer Warranty For Device and Battery and 6 Months Manufacturer Warranty for In-box Accessories From the Date of Purchase,"₹9,449",4.1
"LAVA Yuva Pro (Blue, 32 GB)",3 GB RAM | 32 GB ROM16.51 cm (6.5 inch) HD+ Display13MP Rear Camera | 8MP Front Camera5000 mAh BatteryMediatek Helio processor Processor1 Year Domestic,"₹9,399",4.4
"SAMSUNG Galaxy A04e (Light Blue, 64 GB)",3 GB RAM | 64 GB ROM | Expandable Upto 1 TB16.51 cm (6.5 inch) HD+ Display13MP + 2MP | 5MP Front Camera5000 mAh Lithium Ion BatteryMediatek Helio P35 Processor1 Year Manufacturer Warranty for Device and 6 Months Manufacturer Warranty for In-Box Accessories,"₹9,390",4
"realme P1 5G (Phoenix Red, 128 GB)",6 GB RAM | 128 GB ROM | Expandable Upto 2 TB16.94 cm (6.67 inch) Full HD+ Display50MP + 2MP | 16MP Front Camera5000 mAh BatteryDimensity 7050 Processor1 Year Manufacturer Warranty for Device and 6 Months Manufacturer Warranty for Inbox Accessories,"₹15,999",4.3
"realme 13 Pro 5G (Monet Gold, 128 GB)",8 GB RAM | 128 GB ROM17.02 cm (6.7 inch) Full HD+ Display50MP + 8MP + 2MP | 32MP Front Camera5200 mAh BatterySnapdragon 7s Gen2 Processor1 Year Manufacturer Warranty for Device and 6 Months Manufacturer Warranty for Inbox Accessories,"₹26,999",4.1
"itel A70 (Starlish Black, 128 GB)",12 GB RAM | 128 GB ROM16.76 cm (6.6 inch) Display13MP Rear Camera5000 mAh BatteryDomestic Warranty 1 Year For Handset And 6 Month For Accessories.,"₹9,999",3.9
"vivo Y17s (Glitter Purple, 64 GB)",4 GB RAM | 64 GB ROM | Expandable Upto 1 TB16.66 cm (6.56 inch) HD+ Display50MP + 2MP | 8MP Front Camera5000 mAh BatteryHelio G85 Processor1 Year Manufacturer Warranty for Phone and 6 Months Warranty for In the Box Accessories,"₹9,499",4.3
"OPPO K12x 5G with 45W SUPERVOOC Charger In-The-Box (Breeze Blue, 256 GB)",8 GB RAM | 256 GB ROM | Expandable Upto 1 TB16.94 cm (6.67 inch) HD Display32MP + 2MP | 8MP Front Camera5100 mAh BatteryDimensity 6300 Processor1 Year Manufacturer Warranty for Device and 6 Months Manufacturer Warranty for Inbox Accessories,"₹15,999",4.4
"vivo Y17s (Forest Green, 64 GB)",4 GB RAM | 64 GB ROM | Expandable Upto 1 TB16.66 cm (6.56 inch) HD+ Display50MP + 2MP | 8MP Front Camera5000 mAh BatteryHelio G85 Processor1 Year Manufacturer Warranty for Phone and 6 Months Warranty for In the Box Accessories,"₹9,499",4.3
"Motorola e32s (Misty Silver, 32 GB)",3 GB RAM | 32 GB ROM | Expandable Upto 1 TB16.51 cm (6.5 inch) HD+ Display16MP + 2MP + 2MP | 8MP Front Camera5000 mAh Lithium BatteryMediatek Helio G37 Processor1 Year on Handset and 6 Months on Accessories,"₹9,490",3.5
"SAMSUNG Galaxy A04 (Green, 128 GB)",4 GB RAM | 128 GB ROM | Expandable Upto 1 TB16.51 cm (6.5 inch) HD+ Display50MP + 2MP | 5MP Front Camera5000 mAh Lithium Ion BatteryMediatek Helio P35 Processor1 Year Manufacturer Warranty for Device and 6 Months Manufacturer Warranty for In-Box Accessories,"₹9,999",3.9
"POCO C55 (Cool Blue, 64 GB)",4 GB RAM | 64 GB ROM | Expandable Upto 1 TB17.04 cm (6.71 inch) HD+ Display50MP Dual Rear Camera | 5MP Front Camera5000 mAh BatteryMediatek Helio G85 Processor1 Year Manufacturer Warranty for Phone and 6 Months Warranty for In the Box Accessories,"₹9,499",4.2
"realme C25_Y (Glacier Blue, 128 GB)",4 GB RAM | 128 GB ROM16.51 cm (6.5 inch) HD+ Display50MP + 2MP + 2MP | 8MP Front Camera5000 mAh LiPo BatteryUnisoc T618 Processor1 Year Domestic Warranty,"₹9,999",4.5
"realme C30s (Night Black, 64 GB)",4 GB RAM | 64 GB ROM | Expandable Upto 1 TB16.51 cm (6.5 inch) HD+ Display8MP Rear Camera | 5MP Front Camera5000 mAh BatteryUnisoc SC9863A/ Unisoc SC9863A1 Processor1 Year Manufacturer Warranty for Phone and 6 Months Warranty for In-Box Accessories,"₹9,000",4.2
"vivo Y12s (Glacier Blue, 32 GB)",3 GB RAM | 32 GB ROM | Expandable Upto 256 GB16.54 cm (6.51 inch) HD+ Display13MP + 2MP | 8MP Front Camera5000 mAh Li-ion BatterySnapdragon 439 Processor1 Year for Handset and 6 Months for In-box Accessories,"₹13,990",4.3
"vivo Y12s (Phantom Black, 32 GB)",3 GB RAM | 32 GB ROM | Expandable Upto 256 GB16.54 cm (6.51 inch) HD+ Display13MP + 2MP | 8MP Front Camera5000 mAh Li-ion BatterySnapdragon 439 Processor1 Year for Handset and 6 Months for In-box Accessories,"₹13,990",4.3
"SAMSUNG Galaxy F02s (Diamond Black, 32 GB)",3 GB RAM | 32 GB ROM | Expandable Upto 1 TB16.55 cm (6.515 inch) HD+ Display13MP + 2MP + 2MP | 5MP Front Camera5000 mAh Lithium-ion BatteryQualcomm Snapdragon 450 (SDM450-F01) Processor1 Year Warranty Provided by the Manufacturer from Date of Purchase,"₹9,499",4.2
"realme C15 (Power Blue, 32 GB)",3 GB RAM | 32 GB ROM | Expandable Upto 256 GB16.56 cm (6.52 inch) HD+ Display13MP + 8MP + 2MP + 2MP | 8MP Front Camera6000 mAh Lithium-ion BatteryMediatek Helio G35 ProcessorBrand Warranty of 1 Year Available for Mobile and 6 Months for Accessories,"₹11,999",4.3
"Motorola g42 (Metallic Rose, 64 GB)",4 GB RAM | 64 GB ROM16.26 cm (6.402 inch) Full HD+ AMOLED Display50MP + 8MP + 2MP | 16MP Front Camera5000 mAh Lithium polymer BatteryQualcomm Snapdragon 680 Processor1 Year on Handset and 6 Months on Accessories,"₹9,999",4.2
"REDMI 9i (Nature Green, 128 GB)",4 GB RAM | 128 GB ROM | Expandable Upto 512 GB16.59 cm (6.53 inch) HD+ Display13MP Rear Camera | 5MP Front Camera5000 mAh Lithium Polymer BatteryMediaTek Helio G25 ProcessorBrand Warranty of 1 Year Available for Mobile and 6 Months for Accessories,"₹9,299",4.3
"SAMSUNG Galaxy A04 (Green, 64 GB)",4 GB RAM | 64 GB ROM | Expandable Upto 1 TB16.51 cm (6.5 inch) HD+ Display50MP + 2MP | 5MP Front Camera5000 mAh Lithium Ion BatteryMediatek Helio P35 Processor1 Year Manufacturer Warranty for Device and 6 Months Manufacturer Warranty for In-Box Accessories,"₹9,999",3.9
"Lenovo A6 Note (Black, 32 GB)",3 GB RAM | 32 GB ROM | Expandable Upto 256 GB15.46 cm (6.088 inch) HD+ Display13MP + 2MP | 5MP Front Camera4000 mAh BatteryMediaTek P22 Octa Core ProcessorBrand Warranty of 1 Year Available for Mobile and 6 Months for Accessories,"₹9,999",4.2
"Lenovo K6 Power (dark gold, 32 GB)",3 GB RAM | 32 GB ROM | Expandable Upto 128 GB12.7 cm (5 inch) Full HD Display13MP Rear Camera | 8MP Front Camera4000 mAh Li-Polymer BatteryQualcomm Snapdragon 430 Octa Core 1.4GHz ProcessorBrand Warranty of 1 Year Available for Mobile and 6 Months for Accessories,"₹9,999",4.1
